Weight,Predicted Equation,MSE,Truth Error,Time Taken
0.25,"sqrt(mul(ARG2, ARG0))",[9331.4459609],[173.56902688],735.5190696716309
10.0,"sqrt(square(sub(ARG2, ARG3)))",2877.2999732646663,5989.78876778322,1074.4331018924713
100.0,"sqrt(add(ARG3, add(square(sub(ARG0, ARG3)), sub(add(ARG0, ARG2), mul(ARG3, ARG2)))))",4440.661519958783,[89798.87030523],678.9751303195953
500.0,"sqrt(add(ARG1, ARG0))",[12833.64660367],[206806.07669295],651.6239035129547
1000.0,"add(sqrt(ARG3), sqrt(sub(ARG2, ARG3)))",11969.779955445685,[429218.90174811],605.8003215789795
10000.0,"sqrt(add(sub(ARG3, ARG1), square(sub(ARG1, square(sqrt(ARG0))))))",4475.9674561769525,7176138.622606332,638.6939730644226
100000.0,"add(ARG3, ARG2)",19997.427666234744,39933557.49166601,575.4402883052826
