Weight,Predicted Equation,MSE,Truth Error,Time Taken
0.1,"div(square(6.283185307179586), exp(6.283185307179586))",0.0025864955868912178,0.008543121598540997,2058.503986120224
0.15,"div(div(6.283185307179586, 6.283185307179586), add(6.283185307179586, 6.283185307179586))",0.0023686875488834512,0.011936614268107847,467.8587336540222
0.25,"div(square(6.283185307179586), exp(6.283185307179586))",0.0025864955868912178,0.02135780399635249,534.1204643249512
0.5,"div(add(square(6.283185307179586), add(square(6.283185307179586), 6.283185307179586)), exp(6.283185307179586))",0.0062094807970599205,1.2978381523504057e-05,656.1113593578339
0.75,"div(6.283185307179586, mul(6.283185307179586, 6.283185307179586))",0.006206168340814394,3.231892151817073e-08,544.3149712085724
1.0,"div(div(6.283185307179586, 6.283185307179586), 6.283185307179586)",0.006206168340814394,4.309189535756097e-08,640.9305310249329
2.0,"div(square(6.283185307179586), exp(6.283185307179586))",0.0025864955868912178,0.17086243197081993,929.8045635223389
3.0,"div(sub(ARG0, ARG0), add(ARG0, ARG0))",0.011196354712244734,0.47746469999999996,488.8365285396576
10.0,"mul(mul(ARG0, 6.283185307179586), sub(6.283185307179586, 6.283185307179586))",0.011196354712244734,1.5915489999999999,394.48109698295593
